[
  {
      "chainId": 137,
      "name": "Ether",
      "symbol": "ETH",
      "decimals": 18,
      "address": "0x7ceb23fd6bc0add59e62ac25578270cff1b9f619",
      "logoURI": "https://assets.polygon.technology/tokenAssets/eth.svg",
      "tags": ["pos", "erc20", "swapable", "metaTx"],
      "extensions": {
          "originTokenAddress": "0xeeeeeeeeeeeeeeeeeeeeeeeeeeeeeeeeeeeeeeee",
          "project": {
              "name": "-",
              "summary": "-",
              "contact": "-",
              "website": "https://weth.io/"
          },
          "originTokenNetwork": 0
      }
  },
  {
      "chainId": 137,
      "name": "Matic Token",
      "symbol": "MATIC",
      "decimals": 18,
      "address": "0x0000000000000000000000000000000000001010",
      "logoURI": "https://assets.polygon.technology/tokenAssets/matic.svg",
      "tags": ["plasma", "native", "swapable"],
      "extensions": {
          "originTokenAddress": "0x7d1afa7b718fb893db30a3abc0cfc608aacfebb0",
          "project": {
              "name": "Polygon",
              "summary": "-",
              "contact": "support@polygon.technology",
              "website": "https://polygon.technology"
          },
          "originTokenNetwork": 0
      }
  },
  {
      "chainId": 137,
      "name": "USD Coin",
      "symbol": "USDC",
      "decimals": 6,
      "address": "0x2791bca1f2de4661ed88a30c99a7a9449aa84174",
      "logoURI": "https://assets.polygon.technology/tokenAssets/usdc.svg",
      "tags": ["pos", "erc20", "swapable", "metaTx", "stablecoin"],
      "extensions": {
          "originTokenAddress": "0xa0b86991c6218b36c1d19d4a2e9eb0ce3606eb48",
          "project": {
              "name": "Centre",
              "summary": "-",
              "contact": "-",
              "website": "https://www.centre.io"
          },
          "originTokenNetwork": 0
      }
  },
  {
      "chainId": 137,
      "name": "Tether USD",
      "symbol": "USDT",
      "decimals": 6,
      "address": "0xc2132d05d31c914a87c6611c10748aeb04b58e8f",
      "logoURI": "https://assets.polygon.technology/tokenAssets/usdt.svg",
      "tags": ["pos", "stablecoin", "erc20", "swapable", "metaTx"],
      "extensions": {
          "originTokenAddress": "0xdac17f958d2ee523a2206206994597c13d831ec7",
          "project": {
              "name": "Tether",
              "summary": "-",
              "contact": "support@tether.to",
              "website": "https://tether.to/"
          },
          "originTokenNetwork": 0
      }
  },
  {
      "chainId": 137,
      "name": "Dai",
      "symbol": "DAI",
      "decimals": 18,
      "address": "0x8f3cf7ad23cd3cadbd9735aff958023239c6a063",
      "logoURI": "https://assets.polygon.technology/tokenAssets/dai.svg",
      "tags": ["pos", "stablecoin", "erc20", "swapable", "metaTx"],
      "extensions": {
          "originTokenAddress": "0x6b175474e89094c44da98b954eedeac495271d0f",
          "project": {
              "name": "-",
              "summary": "-",
              "contact": "-",
              "website": "https://makerdao.com/"
          },
          "originTokenNetwork": 0
      }
  },
  {
      "chainId": 137,
      "name": "Aave",
      "symbol": "AAVE",
      "decimals": 18,
      "address": "0xd6df932a45c0f255f85145f286ea0b292b21c90b",
      "logoURI": "https://assets.polygon.technology/tokenAssets/aave.svg",
      "tags": ["pos", "erc20", "swapable", "metaTx"],
      "extensions": {
          "originTokenAddress": "0x7fc66500c84a76ad7e9c93437bfc5ac33e2ddae9",
          "project": {
              "name": "Aave",
              "summary": "-",
              "contact": "wecare@aave.com",
              "website": "https://aave.com/"
          },
          "originTokenNetwork": 0
      }
  },
  {
      "chainId": 137,
      "name": "ChainLink Token",
      "symbol": "LINK",
      "decimals": 18,
      "address": "0x53e0bca35ec356bd5dddfebbd1fc0fd03fabad39",
      "logoURI": "https://assets.polygon.technology/tokenAssets/link.svg",
      "tags": ["pos", "erc20", "swapable", "metaTx"],
      "extensions": {
          "originTokenAddress": "0x514910771AF9Ca656af840dff83E8264EcF986CA",
          "project": {
              "name": "ChainLink",
              "summary": "-",
              "contact": "support@chain.link",
              "website": "https://chain.link/"
          },
          "originTokenNetwork": 0
      }
  },
  {
      "chainId": 137,
      "name": "Wrapped BTC",
      "symbol": "WBTC",
      "decimals": 8,
      "address": "0x1bfd67037b42cf73acf2047067bd4f2c47d9bfd6",
      "logoURI": "https://assets.polygon.technology/tokenAssets/wbtc.svg",
      "tags": ["pos", "erc20", "swapable", "metaTx"],
      "extensions": {
          "originTokenAddress": "0x2260fac5e5542a773aa44fbcfedf7c193bc2c599",
          "project": {
              "name": "-",
              "summary": "-",
              "contact": "-",
              "website": "https://www.wbtc.network/"
          },
          "originTokenNetwork": 0
      }
  },
  {
      "chainId": 137,
      "name": "Uniswap",
      "symbol": "UNI",
      "decimals": 18,
      "address": "0xb33eaad8d922b1083446dc23f610c2567fb5180f",
      "logoURI": "https://assets.polygon.technology/tokenAssets/uni.svg",
      "tags": ["pos", "erc20", "swapable", "metaTx"],
      "extensions": {
          "originTokenAddress": "0x1f9840a85d5af5bf1d1762f925bdaddc4201f984",
          "project": {
              "name": "Uniswap",
              "summary": "-",
              "contact": "-",
              "website": "https://uniswap.org/"
          },
          "originTokenNetwork": 0
      }
  },
  {
      "chainId": 137,
      "name": "SushiToken",
      "symbol": "SUSHI",
      "decimals": 18,
      "address": "0x0b3f868e0be5597d5db7feb59e1cadbb0fdda50a",
      "logoURI": "https://assets.polygon.technology/tokenAssets/sushi.svg",
      "tags": ["pos", "erc20", "swapable"],
      "extensions": {
          "originTokenAddress": "0x6b3595068778dd592e39a122f4f5a5cf09c90fe2",
          "project": {
              "name": "Sushi",
              "summary": "-",
              "contact": "-",
              "website": "https://sushi.com/"
          },
          "originTokenNetwork": 0
      }
  },
  {
      "chainId": 137,
      "name": "Quickswap",
      "symbol": "QUICK",
      "decimals": 18,
      "address": "0x831753dd7087cac61ab5644b308642cc1c33dc13",
      "logoURI": "https://assets.polygon.technology/tokenAssets/quick.svg",
      "tags": ["pos", "erc20", "swapable"],
      "extensions": {
          "originTokenAddress": "0x6c28AeF8977c9B773996d0e8376d2EE379446F2f",
          "project": {
              "name": "Quickswap",
              "summary": "-",
              "contact": "-",
              "website": "https://quickswap.exchange/"
          },
          "originTokenNetwork": 0
      }
  },
  {
      "chainId": 137,
      "name": "QuickSwap - new",
      "symbol": "QUICK",
      "decimals": 18,
      "address": "0xB5C064F955D8e7F38fE0460C556a72987494eE17",
      "logoURI": "https://assets.polygon.technology/tokenAssets/quick.svg",
      "tags": ["pos", "erc20"],
      "extensions": {
          "originTokenAddress": "0xd2bA23dE8a19316A638dc1e7a9ADdA1d74233368",
          "project": {
              "name": "Quickswap",
              "summary": "-",
              "contact": "-",
              "website": "https://quickswap.exchange/"
          },
          "originTokenNetwork": 0
      }
  },
  {
      "chainId": 137,
      "name": "Aavegotchi GHST Token",
      "symbol": "GHST",
      "decimals": 18,
      "address": "0x385eeac5cb85a38a9a07a70c73e0a3271cfb54a7",
      "logoURI": "https://polygonscan.com/token/images/aavegotchighst_32.png",
      "tags": ["pos", "erc20", "swapable", "metaTx"],
      "extensions": {
          "originTokenAddress": "0x3F382DbD960E3a9bbCeaE22651E88158d2791550",
          "project": {
              "name": "Aavegotchi",
              "summary": "-",
              "contact": "-",
              "website": "https://www.aavegotchi.com/"
          },
          "originTokenNetwork": 0
      }
  },
  {
      "chainId": 137,
      "name": "Telcoin",
      "symbol": "TEL",
      "decimals": 2,
      "address": "0xdf7837de1f2fa4631d716cf2502f8b230f1dcc32",
      "logoURI": "https://assets.polygon.technology/tokenAssets/tel.svg",
      "tags": ["pos", "erc20", "swapable", "metaTx"],
      "extensions": {
          "originTokenAddress": "0x467bccd9d29f223bce8043b84e8c8b282827790f",
          "project": {
              "name": "Telcoin",
              "summary": "-",
              "contact": "-",
              "website": "https://www.telco.in/"
          },
          "originTokenNetwork": 0
      }
  },
  {
      "chainId": 137,
      "name": "Balancer",
      "symbol": "BAL",
      "decimals": 18,
      "address": "0x9a71012b13ca4d3d0cdc72a177df3ef03b0e76a3",
      "logoURI": "https://assets.polygon.technology/tokenAssets/bal.svg",
      "tags": ["pos", "erc20", "swapable"],
      "extensions": {
          "originTokenAddress": "0xba100000625a3754423978a60c9317c58a424e3d",
          "project": {
              "name": "-",
              "summary": "-",
              "contact": "-",
              "website": "https://balancer.finance/"
          },
          "originTokenNetwork": 0
      }
  },
  {
      "chainId": 137,
      "name": "EthermonToken",
      "symbol": "EMON",
      "decimals": 18,
      "address": "0xd6a5ab46ead26f49b03bbb1f9eb1ad5c1767974a",
      "logoURI": "https://polygonscan.com/token/images/ethermontoken2_32.png",
      "tags": ["pos", "erc20", "swapable", "metaTx"],
      "extensions": {
          "originTokenAddress": "0xd6a5ab46ead26f49b03bbb1f9eb1ad5c1767974a",
          "project": {
              "name": "Ethermon",
              "summary": "-",
              "contact": "contact@ethermon.io",
              "website": "https://ethermon.io/"
          },
          "originTokenNetwork": 0
      }
  },
  {
      "chainId": 137,
      "name": "Furucombo",
      "symbol": "COMBO",
      "decimals": 18,
      "address": "0x6ddb31002abc64e1479fc439692f7ea061e78165",
      "logoURI": "https://polygonscan.com/token/images/furucombo_32.png",
      "tags": ["pos", "erc20", "swapable", "metaTx"],
      "extensions": {
          "originTokenAddress": "0xffffffff2ba8f66d4e51811c5190992176930278",
          "project": {
              "name": "Furucombo",
              "summary": "-",
              "contact": "-",
              "website": "https://furucombo.app/"
          },
          "originTokenNetwork": 0
      }
  },
  {
      "chainId": 137,
      "name": "Binance USD",
      "symbol": "BUSD",
      "decimals": 18,
      "address": "0xdab529f40e671a1d4bf91361c21bf9f0c9712ab7",
      "logoURI": "https://assets.polygon.technology/tokenAssets/busd.svg",
      "tags": ["pos", "erc20", "swapable"],
      "extensions": {
          "originTokenAddress": "0x4fabb145d64652a948d72533023f6e7a623c7c53",
          "project": {
              "name": "Paxos",
              "summary": "-",
              "contact": "-",
              "website": "http://www.paxos.com/busd"
          },
          "originTokenNetwork": 0
      }
  },
  {
      "chainId": 137,
      "name": "Decentral Games ICE",
      "symbol": "ICE",
      "decimals": 18,
      "address": "0xc6C855AD634dCDAd23e64DA71Ba85b8C51E5aD7c",
      "logoURI": "https://assets.polygon.technology/tokenAssets/ice.svg",
      "tags": ["pos", "erc20", "noDeposit", "noWithdraw", "swapable"],
      "extensions": {
          "originTokenAddress": "0xc6C855AD634dCDAd23e64DA71Ba85b8C51E5aD7c",
          "originTokenNetwork": -1
      }
  },
  {
      "chainId": 137,
      "name": "Decentraland MANA",
      "symbol": "MANA",
      "decimals": 18,
      "address": "0xA1c57f48F0Deb89f569dFbE6E2B7f46D33606fD4",
      "tags": ["pos", "erc20", "swapable"],
      "extensions": {
          "originTokenAddress": "0x0F5D2fB29fb7d3CFeE444a200298f468908cC942",
          "originTokenNetwork": 0
      },
      "logoURI": "https://assets.polygon.technology/tokenAssets/mana.svg"
  },
  {
      "chainId": 137,
      "name": "Shardus",
      "symbol": "ULT",
      "decimals": 18,
      "address": "0xf0059CC2b3E980065A906940fbce5f9Db7ae40A7",
      "tags": ["pos", "erc20", "swapable"],
      "extensions": {
          "originTokenAddress": "0x09617f6fd6cf8a71278ec86e23bbab29c04353a7",
          "originTokenNetwork": 0
      },
      "logoURI": "https://assets.polygon.technology/tokenAssets/ult.svg"
  },
  {
      "chainId": 137,
      "name": "SAND",
      "symbol": "SAND",
      "decimals": 18,
      "address": "0xBbba073C31bF03b8ACf7c28EF0738DeCF3695683",
      "tags": ["pos", "erc20", "swapable"],
      "extensions": {
          "originTokenAddress": "0x3845badAde8e6dFF049820680d1F14bD3903a5d0",
          "originTokenNetwork": 0
      },
      "logoURI": "https://assets.polygon.technology/tokenAssets/sand.svg"
  },
  {
      "chainId": 137,
      "name": "Staked MATIC",
      "symbol": "stMATIC",
      "decimals": 18,
      "address": "0x3a58a54c066fdc0f2d55fc9c89f0415c92ebf3c4",
      "tags": ["pos", "erc20", "swapable"],
      "extensions": {
          "originTokenAddress": "0x9ee91f9f426fa633d227f7a9b000e28b9dfd8599",
          "originTokenNetwork": 0
      }
  },
  {
      "chainId": 137,
      "name": "TrueUSD",
      "symbol": "TUSD",
      "decimals": 18,
      "address": "0x2e1AD108fF1D8C782fcBbB89AAd783aC49586756",
      "tags": ["pos", "erc20", "swapable"],
      "extensions": {
          "originTokenAddress": "0x0000000000085d4780B73119b644AE5ecd22b376",
          "originTokenNetwork": 0
      },
      "logoURI": "https://assets.polygon.technology/tokenAssets/tusd.svg"
  },
  {
      "chainId": 137,
      "name": "SportX",
      "symbol": "SX",
      "decimals": 18,
      "address": "0x840195888Db4D6A99ED9F73FcD3B225Bb3cB1A79",
      "tags": ["pos", "erc20", "swapable"],
      "extensions": {
          "originTokenAddress": "0x99fE3B1391503A1bC1788051347A1324bff41452",
          "originTokenNetwork": 0
      },
      "logoURI": "https://assets.polygon.technology/tokenAssets/sx.svg"
  },
  {
      "chainId": 137,
      "name": "NZD Stablecoin",
      "symbol": "NZDS",
      "decimals": 6,
      "address": "0xeaFE31Cd9e8E01C8f0073A2C974f728Fb80e9DcE",
      "tags": ["pos", "erc20"],
      "extensions": {
          "originTokenAddress": "0xDa446fAd08277B4D2591536F204E018f32B6831c",
          "originTokenNetwork": 0
      }
  },
  {
      "chainId": 137,
      "name": "Frax",
      "symbol": "FRAX",
      "decimals": 18,
      "address": "0x104592a158490a9228070E0A8e5343B499e125D0",
      "tags": ["pos", "erc20", "swapable"],
      "extensions": {
          "originTokenAddress": "0x853d955acef822db058eb8505911ed77f175b99e",
          "originTokenNetwork": 0
      },
      "logoURI": "https://assets.polygon.technology/tokenAssets/frax.svg"
  },
  {
      "chainId": 137,
      "name": "CRV",
      "symbol": "CRV",
      "decimals": 18,
      "address": "0x172370d5Cd63279eFa6d502DAB29171933a610AF",
      "tags": ["pos", "erc20", "swapable"],
      "extensions": {
          "originTokenAddress": "0xd533a949740bb3306d119cc777fa900ba034cd52",
          "originTokenNetwork": 0
      },
      "logoURI": "https://assets.polygon.technology/tokenAssets/crv.svg"
  },
  {
      "chainId": 137,
      "name": "CargoX Token",
      "symbol": "CXO",
      "decimals": 18,
      "address": "0xf2ae0038696774d65E67892c9D301C5f2CbbDa58",
      "tags": ["pos", "erc20", "swapable"],
      "extensions": {
          "originTokenAddress": "0xb6ee9668771a79be7967ee29a63d4184f8097143",
          "originTokenNetwork": 0
      }
  },
  {
      "chainId": 137,
      "name": "agEUR",
      "symbol": "agEUR",
      "decimals": 18,
      "address": "0xE0B52e49357Fd4DAf2c15e02058DCE6BC0057db4",
      "tags": ["pos", "erc20", "swapable"],
      "extensions": {
          "originTokenAddress": "0x1a7e4e63778b4f12a199c062f3efdd288afcbce8",
          "originTokenNetwork": 0
      }
  },
  {
      "chainId": 137,
      "name": "Wootrade Network",
      "symbol": "WOO",
      "decimals": 18,
      "address": "0x1B815d120B3eF02039Ee11dC2d33DE7aA4a8C603",
      "tags": ["pos", "erc20", "swapable"],
      "extensions": {
          "originTokenAddress": "0x4691937a7508860f876c9c0a2a617e7d9e945d4b",
          "originTokenNetwork": 0
      },
      "logoURI": "https://assets.polygon.technology/tokenAssets/woo.svg"
  },
  {
      "chainId": 137,
      "name": "Kyber Network Crystal",
      "symbol": "KNC",
      "decimals": 18,
      "address": "0x324b28d6565f784d596422b0f2e5ab6e9cfa1dc7",
      "tags": ["pos", "erc20"],
      "extensions": {
          "originTokenAddress": "0xdd974d5c2e2928dea5f71b9825b8b646686bd200",
          "originTokenNetwork": 0
      }
  },
  {
      "chainId": 137,
      "name": "STASIS EURS Token",
      "symbol": "EURS",
      "decimals": 2,
      "address": "0xE111178A87A3BFf0c8d18DECBa5798827539Ae99",
      "tags": ["pos", "erc20", "swapable"],
      "extensions": {
          "originTokenAddress": "0xdb25f211ab05b1c97d595516f45794528a807ad8",
          "originTokenNetwork": 0
      },
      "logoURI": "https://assets.polygon.technology/tokenAssets/eurs.svg"
  },
  {
      "chainId": 137,
      "name": "Orbs Token",
      "symbol": "ORBS",
      "decimals": 18,
      "address": "0x614389EaAE0A6821DC49062D56BDA3d9d45Fa2ff",
      "logoURI": "https://raw.githubusercontent.com/orbs-network/graphical-assets/main/orbs/ethereum/token/logo256.png",
      "tags": ["pos", "erc20", "swapable"],
      "extensions": {
          "originTokenAddress": "0xff56Cc6b1E6dEd347aA0B7676C85AB0B3D08B0FA",
          "project": {
              "name": "Orbs Network",
              "summary": "Orbs' advanced architecture puts it in a unique position to work in conjunction with EVM-based L1s and L2s by serving as a separate execution layer that runs decentralized applications that enrich the capabilities of EVM-based smart contracts.",
              "contact": "https://discord.gg/sswGDYGBt5",
              "website": "https://www.orbs.com/"
          },
          "originTokenNetwork": 0
      }
  },
  {
      "chainId": 137,
      "name": "Celsius",
      "symbol": "CEL",
      "decimals": 4,
      "address": "0xD85d1e945766Fea5Eda9103F918Bd915FbCa63E6",
      "tags": ["pos", "erc20", "swapable"],
      "extensions": {
          "originTokenAddress": "0xaaaebe6fe48e54f431b0c390cfaf0b017d09d42d",
          "originTokenNetwork": 0
      },
      "logoURI": "https://assets.polygon.technology/tokenAssets/cel.svg"
  },
  {
      "chainId": 137,
      "name": "CAD Coin",
      "symbol": "CADC",
      "decimals": 18,
      "address": "0x5d146d8B1dACb1EBBA5cb005ae1059DA8a1FbF57",
      "tags": ["pos", "erc20", "swapable"],
      "extensions": {
          "originTokenAddress": "0xcadc0acd4b445166f12d2c07eac6e2544fbe2eef",
          "originTokenNetwork": 0
      }
  },
  {
      "chainId": 137,
      "name": "Frax Share",
      "symbol": "FXS",
      "decimals": 18,
      "address": "0x3e121107F6F22DA4911079845a470757aF4e1A1b",
      "tags": ["pos", "erc20", "swapable"],
      "extensions": {
          "originTokenAddress": "0x3432b6a60d23ca0dfca7761b7ab56459d9c964d0",
          "originTokenNetwork": 0
      },
      "logoURI": "https://assets.polygon.technology/tokenAssets/fxs.svg"
  },
  {
      "chainId": 137,
      "name": "Lido DAO Token",
      "symbol": "LDO",
      "decimals": 18,
      "address": "0xC3C7d422809852031b44ab29EEC9F1EfF2A58756",
      "tags": ["pos", "erc20", "swapable"],
      "extensions": {
          "originTokenAddress": "0x5A98FcBEA516Cf06857215779Fd812CA3beF1B32",
          "originTokenNetwork": 0
      }
  },
  {
      "chainId": 137,
      "name": "Monavale",
      "symbol": "MONA",
      "decimals": 18,
      "address": "0x6968105460f67c3BF751bE7C15f92F5286Fd0CE5",
      "tags": ["pos", "erc20", "swapable"],
      "extensions": {
          "originTokenAddress": "0x275f5Ad03be0Fa221B4C6649B8AeE09a42D9412A",
          "originTokenNetwork": 0
      },
      "logoURI": "https://assets.polygon.technology/tokenAssets/mona.svg"
  },
  {
      "chainId": 137,
      "name": "Nash Exchange Token",
      "symbol": "NEX",
      "decimals": 8,
      "address": "0xA486c6BC102f409180cCB8a94ba045D39f8fc7cB",
      "tags": ["pos", "erc20", "swapable"],
      "extensions": {
          "originTokenAddress": "0xe2dc070524a6e305ddb64d8513dc444b6a1ec845",
          "originTokenNetwork": 0
      },
      "logoURI": "https://assets.polygon.technology/tokenAssets/nex.svg"
  },
  {
      "chainId": 137,
      "name": "PlayDapp Token",
      "symbol": "PLA",
      "decimals": 18,
      "address": "0x8765f05adce126d70bcdf1b0a48db573316662eb",
      "tags": ["pos", "erc20", "swapable"],
      "extensions": {
          "originTokenAddress": "0x3a4f40631a4f906c2bad353ed06de7a5d3fcb430",
          "originTokenNetwork": 0
      }
  },
  {
      "chainId": 137,
      "name": "MANTRA DAO",
      "symbol": "OM",
      "decimals": 18,
      "address": "0xc3ec80343d2bae2f8e680fdadde7c17e71e114ea",
      "tags": ["pos", "erc20", "swapable"],
      "extensions": {
          "originTokenAddress": "0x3593d125a4f7849a1b059e64f4517a86dd60c95d",
          "originTokenNetwork": 0
      }
  },
  {
      "chainId": 137,
      "name": "DFYN Token",
      "symbol": "DFYN",
      "decimals": 18,
      "address": "0xc168e40227e4ebd8c1cae80f7a55a4f0e6d66c97",
      "tags": ["pos", "erc20", "swapable"],
      "extensions": {
          "originTokenAddress": "0x9695e0114e12c0d3a3636fab5a18e6b737529023",
          "originTokenNetwork": 0
      }
  },
  {
      "chainId": 137,
      "name": "TrustSwap Token",
      "symbol": "SWAP",
      "decimals": 18,
      "address": "0x3809dcdd5dde24b37abe64a5a339784c3323c44f",
      "tags": ["pos", "erc20", "swapable"],
      "extensions": {
          "originTokenAddress": "0xcc4304a31d09258b0029ea7fe63d032f52e44efe",
          "originTokenNetwork": 0
      }
  },
  {
      "chainId": 137,
      "name": "Global Coin Research",
      "symbol": "GCR",
      "decimals": 4,
      "address": "0xa69d14d6369e414a32a5c7e729b7afbafd285965",
      "tags": ["pos", "erc20", "swapable"],
      "extensions": {
          "originTokenAddress": "0x6307b25a665efc992ec1c1bc403c38f3ddd7c661",
          "originTokenNetwork": 0
      }
  },
  {
      "chainId": 137,
      "name": "GET Protocol",
      "symbol": "GET",
      "decimals": 18,
      "address": "0xdb725f82818De83e99F1dAc22A9b5B51d3d04DD4",
      "tags": ["pos", "erc20", "swapable"],
      "extensions": {
          "originTokenAddress": "0x8a854288a5976036a725879164ca3e91d30c6a1b",
          "project": {
              "name": "GET Protocol",
              "summary": "GET Protocol provides infrastructure and tooling that enables ticketing companies worldwide to issue cutting edge NFT tickets.",
              "contact": "https://discord.com/invite/jTkCWGASEw",
              "website": "https://get-protocol.io"
          },
          "originTokenNetwork": 0
      },
      "logoURI": "https://assets.polygon.technology/tokenAssets/get.svg"
  },
  {
      "chainId": 137,
      "name": "PLOT",
      "symbol": "PLOT",
      "decimals": 18,
      "address": "0xe82808eaA78339b06a691fd92E1Be79671cAd8D3",
      "tags": ["pos", "erc20", "swapable"],
      "extensions": {
          "originTokenAddress": "0x72F020f8f3E8fd9382705723Cd26380f8D0c66Bb",
          "originTokenNetwork": 0
      },
      "logoURI": "https://assets.polygon.technology/tokenAssets/plot.svg"
  },
  {
      "chainId": 137,
      "name": "GOVI",
      "symbol": "GOVI",
      "decimals": 18,
      "address": "0x43Df9c0a1156c96cEa98737b511ac89D0e2A1F46",
      "tags": ["pos", "erc20", "swapable"],
      "extensions": {
          "originTokenAddress": "0xeeaa40b28a2d1b0b08f6f97bb1dd4b75316c6107",
          "originTokenNetwork": 0
      },
      "logoURI": "https://assets.polygon.technology/tokenAssets/govi.svg"
  },
  {
      "chainId": 137,
      "name": "AurusDeFi",
      "symbol": "AWX",
      "decimals": 18,
      "address": "0x56a0efefc9f1fbb54fbd25629ac2aa764f1b56f7",
      "tags": ["pos", "erc20", "swapable"],
      "extensions": {
          "originTokenAddress": "0xa51fc71422a30fa7ffa605b360c3b283501b5bf6",
          "originTokenNetwork": 0
      }
  },
  {
      "chainId": 137,
      "name": "AurusGOLD",
      "symbol": "AWG",
      "decimals": 18,
      "address": "0xAEe0ffb690B37449B7f1C49B199E1E3ec6084490",
      "tags": ["pos", "erc20"],
      "extensions": {
          "originTokenAddress": "0x696acc2de564b48682d71d0847b3632f87c9a402",
          "originTokenNetwork": 0
      }
  },
  {
      "chainId": 137,
      "name": "Adshares",
      "symbol": "ADS",
      "decimals": 11,
      "address": "0x598e49f01bEfeB1753737934a5b11fea9119C796",
      "tags": ["pos", "erc20", "swapable"],
      "extensions": {
          "originTokenAddress": "0xcfcecfe2bd2fed07a9145222e8a7ad9cf1ccd22a",
          "originTokenNetwork": 0
      }
  },
  {
      "chainId": 137,
      "name": "ChainGuardians Governance Token",
      "symbol": "CGG",
      "decimals": 18,
      "address": "0x2Ab4f9aC80F33071211729e45Cfc346C1f8446d5",
      "tags": ["pos", "erc20", "swapable"],
      "extensions": {
          "originTokenAddress": "0x1fe24f25b1cf609b9c4e7e12d802e3640dfa5e43",
          "originTokenNetwork": 0
      },
      "logoURI": "https://assets.polygon.technology/tokenAssets/cgg.svg"
  },
  {
      "chainId": 137,
      "name": "NFT Worlds",
      "symbol": "WRLD",
      "decimals": 18,
      "address": "0xd5d86fc8d5c0ea1ac1ac5dfab6e529c9967a45e9",
      "tags": ["pos", "erc20", "swapable"],
      "extensions": {
          "originTokenAddress": "0xd5d86fc8d5c0ea1ac1ac5dfab6e529c9967a45e9",
          "originTokenNetwork": 0
      }
  },
  {
      "chainId": 137,
      "name": "Route",
      "symbol": "ROUTE",
      "decimals": 18,
      "address": "0x16ECCfDbb4eE1A85A33f3A9B21175Cd7Ae753dB4",
      "tags": ["pos", "erc20", "swapable"],
      "extensions": {
          "originTokenAddress": "0x16ECCfDbb4eE1A85A33f3A9B21175Cd7Ae753dB4",
          "originTokenNetwork": 0
      },
      "logoURI": "https://assets.polygon.technology/tokenAssets/route.svg"
  },
  {
      "chainId": 137,
      "name": "DODO bird",
      "symbol": "DODO",
      "decimals": 18,
      "address": "0xe4Bf2864ebeC7B7fDf6Eeca9BaCAe7cDfDAffe78",
      "tags": ["pos", "erc20", "swapable"],
      "extensions": {
          "originTokenAddress": "0x43Dfc4159D86F3A37A5A4B3D4580b888ad7d4DDd",
          "originTokenNetwork": 0
      }
  },
  {
      "chainId": 137,
      "name": "Chain Games",
      "symbol": "CHAIN",
      "decimals": 18,
      "address": "0xd55fCe7CDaB84d84f2EF3F99816D765a2a94a509",
      "tags": ["pos", "erc20", "swapable"],
      "extensions": {
          "originTokenAddress": "0xc4c2614e694cf534d407ee49f8e44d125e4681c4",
          "originTokenNetwork": 0
      }
  },
  {
      "chainId": 137,
      "name": "Mysterium",
      "symbol": "MYST",
      "decimals": 18,
      "address": "0x1379E8886A944d2D9d440b3d88DF536Aea08d9F3",
      "tags": ["pos", "erc20", "swapable"],
      "extensions": {
          "originTokenAddress": "0x4Cf89ca06ad997bC732Dc876ed2A7F26a9E7f361",
          "project": {
              "name": "Mysterium Network",
              "summary": "Mysterium Network is an open-source ecosystem of protocols, tools, and Web3 infrastructure making the internet borderless and accessible for all. The network gives both users and builders the tools they need to defend online privacy, anonymous expression, and equal access to information. Mysterium held a token sale through which it raised $14 million CHF.",
              "contact": "info@mysterium.network",
              "website": "https://www.mysterium.network/"
          },
          "originTokenNetwork": 0
      },
      "logoURI": "https://assets.polygon.technology/tokenAssets/myst.svg"
  },
  {
      "chainId": 137,
      "name": "Render Token",
      "symbol": "RNDR",
      "decimals": 18,
      "address": "0x61299774020dA444Af134c82fa83E3810b309991",
      "tags": ["pos", "erc20", "swapable"],
      "extensions": {
          "originTokenAddress": "0x6de037ef9ad2725eb40118bb1702ebb27e4aeb24",
          "originTokenNetwork": 0
      },
      "logoURI": "https://assets.polygon.technology/tokenAssets/rndr.svg"
  },
  {
      "chainId": 137,
      "name": "IQ",
      "symbol": "IQ",
      "decimals": 18,
      "address": "0xB9638272aD6998708de56BBC0A290a1dE534a578",
      "logoURI": "https://www.dropbox.com/sh/g97lq77b9mv9lfz/AABRnKWx9aiv6x8KShkIgDgla/Brain%20Logo%20Design-03.png?dl=0",
      "tags": ["pos", "erc20", "swapable"],
      "extensions": {
          "originTokenAddress": "0x579CEa1889991f68aCc35Ff5c3dd0621fF29b0C9",
          "project": {
              "name": "Everipedia",
              "summary": "Everipedia's vision is to bring blockchain knowledge to the world and knowledge onto the blockchain, helping verify facts in an era of misinformation and unlocking a new class of use cases in the blockchain space.",
              "contact": "https://t.me/everipedia",
              "website": "https://everipedia.org/"
          },
          "originTokenNetwork": 0
      }
  },
  {
      "chainId": 137,
      "name": "Graph Token",
      "symbol": "GRT",
      "decimals": 18,
      "address": "0x5fe2B58c013d7601147DcdD68C143A77499f5531",
      "tags": ["pos", "erc20", "swapable"],
      "extensions": {
          "originTokenAddress": "0xc944e90c64b2c07662a292be6244bdf05cda44a7",
          "originTokenNetwork": 0
      },
      "logoURI": "https://assets.polygon.technology/tokenAssets/grt.svg"
  },
  {
      "chainId": 137,
      "name": "Jarvis Reward Token",
      "symbol": "JRT",
      "decimals": 18,
      "address": "0x596eBE76e2DB4470966ea395B0d063aC6197A8C5",
      "tags": ["pos", "erc20", "swapable"],
      "extensions": {
          "originTokenAddress": "0x8a9c67fee641579deba04928c4bc45f66e26343a",
          "originTokenNetwork": 0
      },
      "logoURI": "https://assets.polygon.technology/tokenAssets/jrt.svg"
  },
  {
      "chainId": 137,
      "name": "MahaDAO",
      "symbol": "MAHA",
      "decimals": 18,
      "address": "0xeDd6cA8A4202d4a36611e2fff109648c4863ae19",
      "tags": ["pos", "erc20", "swapable"],
      "extensions": {
          "originTokenAddress": "0xb4d930279552397bba2ee473229f89ec245bc365",
          "originTokenNetwork": 0
      },
      "logoURI": "https://assets.polygon.technology/tokenAssets/maha.svg"
  },
  {
      "chainId": 137,
      "name": "PoolTogether",
      "symbol": "POOL",
      "decimals": 18,
      "address": "0x25788a1a171ec66Da6502f9975a15B609fF54CF6",
      "tags": ["pos", "erc20", "swapable"],
      "extensions": {
          "originTokenAddress": "0x0cec1a9154ff802e7934fc916ed7ca50bde6844e",
          "originTokenNetwork": 0
      },
      "logoURI": "https://assets.polygon.technology/tokenAssets/pool.svg"
  },
  {
      "chainId": 137,
      "name": "CosplayToken",
      "symbol": "COT",
      "decimals": 18,
      "address": "0x8d520c8E66091cfD6743fe37Fbe3A09505616C4b",
      "tags": ["pos", "erc20", "swapable"],
      "extensions": {
          "originTokenAddress": "0x5cac718a3ae330d361e39244bf9e67ab17514ce8",
          "originTokenNetwork": 0
      }
  },
  {
      "chainId": 137,
      "name": "ICHI",
      "symbol": "ICHI",
      "decimals": 18,
      "address": "0x111111517e4929d3dcbdfa7cce55d30d4b6bc4d6",
      "tags": ["pos", "erc20"],
      "extensions": {
          "originTokenAddress": "0x111111517e4929d3dcbdfa7cce55d30d4b6bc4d6",
          "originTokenNetwork": 0
      }
  },
  {
      "chainId": 137,
      "name": "AnRKey X",
      "symbol": "$ANRX",
      "decimals": 18,
      "address": "0x554f074d9cCda8F483d1812d4874cBebD682644E",
      "tags": ["pos", "erc20", "swapable"],
      "extensions": {
          "originTokenAddress": "0xCae72A7A0Fd9046cf6b165CA54c9e3a3872109E0",
          "originTokenNetwork": 0
      },
      "logoURI": "https://assets.polygon.technology/tokenAssets/$anrx.svg"
  },
  {
      "chainId": 137,
      "name": "MASQ",
      "symbol": "MASQ",
      "decimals": 18,
      "address": "0xee9a352f6aac4af1a5b9f467f6a93e0ffbe9dd35",
      "logoURI": "https://github.com/MASQ-Project/MASQ-contract/raw/master/MASQ%20Logo%20Blue%20Solo%20Transparent.png",
      "tags": ["pos", "erc20", "swapable"],
      "extensions": {
          "originTokenAddress": "0x06F3C323f0238c72BF35011071f2b5B7F43A054c",
          "project": {
              "name": "MASQ Network",
              "summary": "The MASQ software offers users a true privacy web3.0 browsing experience, based on a peer to peer mesh network. Users can earn cryptocurrency by supporting the network, and provides Internet freedom for users worldwide.",
              "contact": "https://discord.gg/masq",
              "website": "https://masq.ai/"
          },
          "originTokenNetwork": 0
      }
  },
  {
      "chainId": 137,
      "name": "Stake DAO Token",
      "symbol": "SDT",
      "decimals": 18,
      "address": "0x361A5a4993493cE00f61C32d4EcCA5512b82CE90",
      "tags": ["pos", "erc20", "swapable"],
      "extensions": {
          "originTokenAddress": "0x73968b9a57c6e53d41345fd57a6e6ae27d6cdb2f",
          "originTokenNetwork": 0
      },
      "logoURI": "https://assets.polygon.technology/tokenAssets/sdt.svg"
  },
  {
      "chainId": 137,
      "name": "XCAD Token",
      "symbol": "XCAD",
      "decimals": 18,
      "address": "0xA55870278d6389ec5B524553D03C04F5677c061E",
      "tags": ["pos", "erc20", "swapable"],
      "extensions": {
          "originTokenAddress": "0x7659ce147d0e714454073a5dd7003544234b6aa0",
          "originTokenNetwork": 0
      }
  },
  {
      "chainId": 137,
      "name": "Popcorn",
      "symbol": "POP",
      "decimals": 18,
      "address": "0xC5B57e9a1E7914FDA753A88f24E5703e617Ee50c",
      "tags": ["pos", "erc20", "swapable"],
      "extensions": {
          "originTokenAddress": "0xd0cd466b34a24fcb2f87676278af2005ca8a78c4",
          "project": {
              "name": "Popcorn",
              "summary": "Optimize your yield while funding public goods",
              "contact": "https://twitter.com/Popcorn_DAO",
              "website": "https://pop.network/"
          },
          "originTokenNetwork": 0
      },
      "logoURI": "https://app.pop.network/images/icons/POP.svg"
  },
  {
      "chainId": 137,
      "name": "dHedge DAO Token",
      "symbol": "DHT",
      "decimals": 18,
      "address": "0x8C92e38eCA8210f4fcBf17F0951b198Dd7668292",
      "tags": ["pos", "erc20", "swapable"],
      "extensions": {
          "originTokenAddress": "0xca1207647ff814039530d7d35df0e1dd2e91fa84",
          "originTokenNetwork": 0
      },
      "logoURI": "https://assets.polygon.technology/tokenAssets/dht.svg"
  },
  {
      "chainId": 137,
      "name": "UnirisToken",
      "symbol": "UCO",
      "decimals": 18,
      "address": "0x3C720206bFaCB2d16fA3ac0ed87D2048Dbc401Fc",
      "tags": ["pos", "erc20", "swapable"],
      "extensions": {
          "originTokenAddress": "0x8a3d77e9d6968b780564936d15b09805827c21fa",
          "originTokenNetwork": 0
      }
  },
  {
      "chainId": 137,
      "name": "HEX",
      "symbol": "HEX",
      "decimals": 8,
      "address": "0x23D29D30e35C5e8D321e1dc9A8a61BFD846D4C5C",
      "tags": ["pos", "erc20", "swapable"],
      "extensions": {
          "originTokenAddress": "0x2b591e99afe9f32eaa6214f7b7629768c40eeb39",
          "originTokenNetwork": 0
      },
      "logoURI": "https://assets.polygon.technology/tokenAssets/hex.svg"
  },
  {
      "chainId": 137,
      "name": "JPY Coin",
      "symbol": "JPYC",
      "decimals": 18,
      "address": "0x6AE7Dfc73E0dDE2aa99ac063DcF7e8A63265108c",
      "tags": ["pos", "erc20", "swapable"],
      "extensions": {
          "originTokenAddress": "0x2370f9d504c7a6E775bf6E14B3F12846b594cD53",
          "originTokenNetwork": 0
      },
      "logoURI": "https://assets.polygon.technology/tokenAssets/jpyc.svg"
  },
  {
      "chainId": 137,
      "name": "Unibright",
      "symbol": "UBT",
      "decimals": 8,
      "address": "0x7FBc10850caE055B27039aF31bD258430e714c62",
      "tags": ["pos", "erc20", "swapable"],
      "extensions": {
          "originTokenAddress": "0x8400d94a5cb0fa0d041a3788e395285d61c9ee5e",
          "originTokenNetwork": 0
      },
      "logoURI": "https://assets.polygon.technology/tokenAssets/ubt.svg"
  },
  {
      "chainId": 137,
      "name": "Instadapp",
      "symbol": "INST",
      "decimals": 18,
      "address": "0xf50D05A1402d0adAfA880D36050736f9f6ee7dee",
      "tags": ["pos", "erc20", "swapable"],
      "extensions": {
          "originTokenAddress": "0x6f40d4A6237C257fff2dB00FA0510DeEECd303eb",
          "originTokenNetwork": 0
      },
      "logoURI": "https://assets.polygon.technology/tokenAssets/inst.svg"
  },
  {
      "chainId": 137,
      "name": "Decentral Games Governance",
      "symbol": "xDG",
      "decimals": 18,
      "address": "0xc6480Da81151B2277761024599E8Db2Ad4C388C8",
      "tags": ["pos", "erc20", "swapable"],
      "extensions": {
          "originTokenAddress": "0x4f81c790581b240a5c948afd173620ecc8c71c8d",
          "originTokenNetwork": 0
      },
      "logoURI": "https://assets.polygon.technology/tokenAssets/xdg.svg"
  },
  {
      "chainId": 137,
      "name": "PolkaBridge",
      "symbol": "PBR",
      "decimals": 18,
      "address": "0x0D6ae2a429df13e44A07Cd2969E085e4833f64A0",
      "tags": ["pos", "erc20", "swapable"],
      "extensions": {
          "originTokenAddress": "0x298d492e8c1d909d3f63bc4a36c66c64acb3d695",
          "originTokenNetwork": 0
      }
  },
  {
      "chainId": 137,
      "name": "GoBlank Token",
      "symbol": "BLANK",
      "decimals": 18,
      "address": "0xf4C83080E80AE530d6f8180572cBbf1Ac9D5d435",
      "logoURI": "https://raw.githubusercontent.com/trustwallet/assets/master/blockchains/ethereum/assets/0x41A3Dba3D677E573636BA691a70ff2D606c29666/logo.png",
      "tags": ["pos", "erc20", "swapable"],
      "extensions": {
          "originTokenAddress": "0x41A3Dba3D677E573636BA691a70ff2D606c29666",
          "project": {
              "name": "BlockWallet",
              "summary": "BlockWallet is a privacy-focused non-custodial crypto wallet. Besides full privacy functionality, BlockWallet comes packed with an array of features that go beyond privacy for a seamless user experience. Reclaim your financial privacy. Get BlockWallet.",
              "contact": "https://twitter.com/GetBlockWallet",
              "website": "BlockWallet.io"
          },
          "originTokenNetwork": 0
      }
  },
  {
      "chainId": 137,
      "name": "Rubic",
      "symbol": "RBC",
      "decimals": 18,
      "address": "0xc3cFFDAf8F3fdF07da6D5e3A89B8723D5E385ff8",
      "tags": ["pos", "erc20", "swapable"],
      "extensions": {
          "originTokenAddress": "0xa4eed63db85311e22df4473f87ccfc3dadcfa3e3",
          "originTokenNetwork": 0
      },
      "logoURI": "https://assets.polygon.technology/tokenAssets/rbc.svg"
  },
  {
      "chainId": 137,
      "name": "Meta",
      "symbol": "MTA",
      "decimals": 18,
      "address": "0xF501dd45a1198C2E1b5aEF5314A68B9006D842E0",
      "tags": ["pos", "erc20", "swapable"],
      "extensions": {
          "originTokenAddress": "0xa3bed4e1c75d00fa6f4e5e6922db7261b5e9acd2",
          "originTokenNetwork": 0
      }
  },
  {
      "chainId": 137,
      "name": "Float Bank",
      "symbol": "BANK",
      "decimals": 18,
      "address": "0xfc2e967bf55f545d656de5c40618c1ae80eb6edf",
      "tags": ["pos", "erc20"],
      "extensions": {
          "originTokenAddress": "0x24a6a37576377f63f194caa5f518a60f45b42921",
          "originTokenNetwork": 0
      }
  },
  {
      "chainId": 137,
      "name": "Nord Token",
      "symbol": "NORD",
      "decimals": 18,
      "address": "0xF6F85b3f9fd581C2eE717c404F7684486F057F95",
      "tags": ["pos", "erc20", "swapable"],
      "extensions": {
          "originTokenAddress": "0x6e9730ecffbed43fd876a264c982e254ef05a0de",
          "originTokenNetwork": 0
      },
      "logoURI": "https://assets.polygon.technology/tokenAssets/nord.svg"
  },
  {
      "chainId": 137,
      "name": "MODEFI ",
      "symbol": "MOD",
      "decimals": 18,
      "address": "0x8346Ab8d5EA7A9Db0209aEd2d1806AFA0E2c4C21",
      "tags": ["pos", "erc20", "swapable"],
      "extensions": {
          "originTokenAddress": "0xea1ea0972fa092dd463f2968f9bb51cc4c981d71",
          "originTokenNetwork": 0
      },
      "logoURI": "https://assets.polygon.technology/tokenAssets/mod.svg"
  },
  {
      "chainId": 137,
      "name": "AurusSILVER",
      "symbol": "AWS",
      "decimals": 18,
      "address": "0xA96D47c621a8316d4F9539E3B38180C7067e84CA",
      "tags": ["pos", "erc20", "swapable"],
      "extensions": {
          "originTokenAddress": "0xb89903dde3899f0280b99913168ee833a7896b93",
          "originTokenNetwork": 0
      },
      "logoURI": "https://assets.polygon.technology/tokenAssets/aws.svg"
  },
  {
      "chainId": 137,
      "name": "YfDAI.finance",
      "symbol": "Yf-DAI",
      "decimals": 18,
      "address": "0x7E7fF932FAb08A0af569f93Ce65e7b8b23698Ad8",
      "tags": ["pos", "erc20", "swapable"],
      "extensions": {
          "originTokenAddress": "0xf4cd3d3fda8d7fd6c5a500203e38640a70bf9577",
          "originTokenNetwork": 0
      },
      "logoURI": "https://assets.polygon.technology/tokenAssets/yf-dai.svg"
  },
  {
      "chainId": 137,
      "name": "Immutable X",
      "symbol": "IMX",
      "decimals": 18,
      "address": "0x183070c90b34a63292cc908ce1b263cb56d49a7f",
      "tags": ["pos", "erc20"],
      "extensions": {
          "originTokenAddress": "0xf57e7e7c23978c3caec3c3548e3d615c346e79ff",
          "originTokenNetwork": 0
      }
  },
  {
      "chainId": 137,
      "name": "Streamr",
      "symbol": "DATA",
      "decimals": 18,
      "address": "0x3a9a81d576d83ff21f26f325066054540720fc34",
      "logoURI": "https://raw.githubusercontent.com/streamr-dev/design-assets/main/Svg/Marks%20and%20Symbols/Token%20symbols/%24DATA%20new%20token%20symbol.svg",
      "tags": ["pos", "erc20", "swapable"],
      "extensions": {
          "originTokenAddress": "0x8f693ca8d21b157107184d29d398a8d082b38b76",
          "project": {
              "name": "Streamr Network",
              "summary": "Streamr is a decentralized real-time data network for web3. Create, share and consume data streams on an open, scalable P2P protocol with powerful tools for monetization. As a layer zero protocol, it provides a publish/subscribe messaging framework for decentralized applications built on top.",
              "contact": "contact@streamr.network",
              "website": "https://streamr.network"
          },
          "originTokenNetwork": 0
      }
  },
  {
      "chainId": 137,
      "name": "Apecoin",
      "symbol": "APE",
      "decimals": 18,
      "address": "0xb7b31a6bc18e48888545ce79e83e06003be70930",
      "logoURI": "https://assets.polygon.technology/tokenAssets/ape.svg",
      "tags": ["pos", "erc20"],
      "extensions": {
          "originTokenAddress": "0x4d224452801aced8b2f0aebe155379bb5d594381",
          "project": {
              "name": "Project WL",
              "summary": "Bored Ape Game",
              "contact": "jongtae.choi@nway.com",
              "website": "https://apecoin.com/"
          },
          "originTokenNetwork": 0
      }
  },
  {
      "chainId": 137,
      "name": "Liquid Staked Matic by Stader",
      "symbol": "MaticX",
      "decimals": 18,
      "address": "0xfa68fb4628dff1028cfec22b4162fccd0d45efb6",
      "logoURI": "https://user-images.githubusercontent.com/19915413/198746681-bcfd16fd-72e5-41b3-bcb8-5494d77195e0.svg",
      "tags": ["pos", "erc20"],
      "extensions": {
          "originTokenAddress": "0xf03a7eb46d01d9ecaa104558c732cf82f6b6b645",
          "project": {
              "name": "Stader",
              "summary": "-",
              "contact": "gm@staderlabs.com",
              "website": "https://staderlabs.com/"
          },
          "originTokenNetwork": 0
      }
  },
  {
      "chainId": 1101,
      "name": "Ether",
      "symbol": "ETH",
      "decimals": 18,
      "address": "0x0000000000000000000000000000000000000000",
      "logoURI": "https://assets.polygon.technology/tokenAssets/eth.svg",
      "tags": ["lxly", "native"],
      "extensions": {
          "originTokenAddress": "0x0000000000000000000000000000000000000000",
          "originTokenNetwork": 0,
          "wrappedTokenNetwork": 1
      }
  },
  {
      "chainId": 1101,
      "name": "Matic",
      "symbol": "MATIC",
      "decimals": 18,
      "address": "0xa2036f0538221a77a3937f1379699f44945018d0",
      "logoURI": "https://assets.polygon.technology/tokenAssets/matic.svg",
      "tags": ["lxly", "erc20"],
      "extensions": {
          "originTokenAddress": "0x7d1afa7b718fb893db30a3abc0cfc608aacfebb0",
          "originTokenNetwork": 0,
          "wrappedTokenNetwork": 1
      }
  },
  {
      "chainId": 1101,
      "name": "USD Coin",
      "symbol": "USDC",
      "decimals": 6,
      "address": "0xa8ce8aee21bc2a48a5ef670afcc9274c7bbbc035",
      "logoURI": "https://assets.polygon.technology/tokenAssets/usdc.svg",
      "tags": ["lxly", "stablecoin", "erc20"],
      "extensions": {
          "originTokenAddress": "0xa0b86991c6218b36c1d19d4a2e9eb0ce3606eb48",
          "originTokenNetwork": 0,
          "wrappedTokenNetwork": 1
      }
  },
  {
      "chainId": 1101,
      "name": "Tether USD",
      "symbol": "USDT",
      "decimals": 6,
      "address": "0x1e4a5963abfd975d8c9021ce480b42188849d41d",
      "logoURI": "https://assets.polygon.technology/tokenAssets/usdt.svg",
      "tags": ["lxly", "stablecoin", "erc20"],
      "extensions": {
          "originTokenAddress": "0xdac17f958d2ee523a2206206994597c13d831ec7",
          "originTokenNetwork": 0,
          "wrappedTokenNetwork": 1
      }
  },
  {
      "chainId": 1101,
      "name": "Dai",
      "symbol": "DAI",
      "decimals": 18,
      "address": "0xc5015b9d9161dca7e18e32f6f25c4ad850731fd4",
      "logoURI": "https://assets.polygon.technology/tokenAssets/dai.svg",
      "tags": ["lxly", "stablecoin", "erc20"],
      "extensions": {
          "originTokenAddress": "0x6b175474e89094c44da98b954eedeac495271d0f",
          "originTokenNetwork": 0,
          "wrappedTokenNetwork": 1
      }
  },
  {
      "chainId": 1101,
      "name": "Aave",
      "symbol": "AAVE",
      "decimals": 18,
      "address": "0x68791cfe079814c46e0e25c19bcc5bfc71a744f7",
      "logoURI": "https://assets.polygon.technology/tokenAssets/aave.svg",
      "tags": ["lxly", "erc20"],
      "extensions": {
          "originTokenAddress": "0x7fc66500c84a76ad7e9c93437bfc5ac33e2ddae9",
          "originTokenNetwork": 0,
          "wrappedTokenNetwork": 1
      }
  },
  {
      "chainId": 1101,
      "name": "ChainLink Token",
      "symbol": "LINK",
      "decimals": 18,
      "address": "0x4b16e4752711a7abec32799c976f3cefc0111f2b",
      "logoURI": "https://assets.polygon.technology/tokenAssets/link.svg",
      "tags": ["lxly", "erc20"],
      "extensions": {
          "originTokenAddress": "0x514910771AF9Ca656af840dff83E8264EcF986CA",
          "originTokenNetwork": 0,
          "wrappedTokenNetwork": 1
      }
  },
  {
      "chainId": 1101,
      "name": "Wrapped BTC",
      "symbol": "WBTC",
      "decimals": 8,
      "address": "0xea034fb02eb1808c2cc3adbc15f447b93cbe08e1",
      "logoURI": "https://assets.polygon.technology/tokenAssets/wbtc.svg",
      "tags": ["lxly", "erc20"],
      "extensions": {
          "originTokenAddress": "0x2260fac5e5542a773aa44fbcfedf7c193bc2c599",
          "originTokenNetwork": 0,
          "wrappedTokenNetwork": 1
      }
  },
  {
      "chainId": 1101,
      "name": "Uniswap",
      "symbol": "UNI",
      "decimals": 18,
      "address": "0x2548c94a3092494db3af864cc2cf781a72f55678",
      "logoURI": "https://assets.polygon.technology/tokenAssets/uni.svg",
      "tags": ["lxly", "erc20"],
      "extensions": {
          "originTokenAddress": "0x1f9840a85d5af5bf1d1762f925bdaddc4201f984",
          "originTokenNetwork": 0,
          "wrappedTokenNetwork": 1
      }
  },
  {
      "chainId": 1101,
      "name": "Balancer",
      "symbol": "BAL",
      "decimals": 18,
      "address": "0x120ef59b80774f02211563834d8e3b72cb1649d6",
      "logoURI": "https://assets.polygon.technology/tokenAssets/bal.svg",
      "tags": ["lxly", "erc20"],
      "extensions": {
          "originTokenAddress": "0xba100000625a3754423978a60c9317c58a424e3d",
          "originTokenNetwork": 0,
          "wrappedTokenNetwork": 1
      }
  },
  {
      "chainId": 1101,
      "name": "Staked MATIC",
      "symbol": "stMATIC",
      "decimals": 18,
      "address": "0x83b874c1e09d316059d929da402dcb1a98e92082",
      "logoURI": "https://s2.coinmarketcap.com/static/img/coins/64x64/18688.png",
      "tags": ["lxly", "erc20"],
      "extensions": {
          "originTokenAddress": "0x9ee91f9f426fa633d227f7a9b000e28b9dfd8599",
          "originTokenNetwork": 0,
          "wrappedTokenNetwork": 1
      }
  },
  {
      "chainId": 1101,
      "name": "Curve DAO Token",
      "symbol": "CRV",
      "decimals": 18,
      "address": "0x3d5320821bfca19fb0b5428f2c79d63bd5246f89",
      "tags": ["lxly", "erc20"],
      "logoURI": "https://assets.polygon.technology/tokenAssets/crv.svg",
      "extensions": {
          "originTokenAddress": "0xd533a949740bb3306d119cc777fa900ba034cd52",
          "originTokenNetwork": 0,
          "wrappedTokenNetwork": 1
      }
  },
  {
      "chainId": 1101,
      "name": "Lido DAO Token",
      "symbol": "LDO",
      "decimals": 18,
      "address": "0x7e2feea957b7d1606335e339754f4e52b452b792",
      "tags": ["lxly", "erc20"],
      "logoURI": "https://s2.coinmarketcap.com/static/img/coins/64x64/8000.png",
      "extensions": {
          "originTokenAddress": "0x5A98FcBEA516Cf06857215779Fd812CA3beF1B32",
          "originTokenNetwork": 0,
          "wrappedTokenNetwork": 1
      }
  },
  {
      "chainId": 1101,
      "name": "Liquid Staked Matic by Stader",
      "symbol": "MaticX",
      "decimals": 18,
      "address": "0xf9ed88937b2d82707d0eabd8c3d9aa4870b714d3",
      "logoURI": "https://user-images.githubusercontent.com/19915413/198746681-bcfd16fd-72e5-41b3-bcb8-5494d77195e0.svg",
      "tags": ["lxly", "erc20"],
      "extensions": {
          "originTokenAddress": "0xf03a7eb46d01d9ecaa104558c732cf82f6b6b645",
          "originTokenNetwork": 0,
          "wrappedTokenNetwork": 1
      }
  },
  {
      "chainId": 1101,
      "name": "QuickSwap",
      "symbol": "QUICK",
      "decimals": 18,
      "address": "0x68286607a1d43602d880d349187c3c48c0fd05e6",
      "logoURI": "https://assets.polygon.technology/tokenAssets/quick.svg",
      "tags": ["lxly", "erc20"],
      "extensions": {
          "originTokenAddress": "0xd2bA23dE8a19316A638dc1e7a9ADdA1d74233368",
          "originTokenNetwork": 0,
          "wrappedTokenNetwork": 1
      }
  },
  {
      "chainId": 1101,
      "name": "Wrapped liquid staked Ether 2.0",
      "symbol": "wstETH",
      "decimals": 18,
      "address": "0x5D8cfF95D7A57c0BF50B30b43c7CC0D52825D4a9",
      "logoURI": "https://etherscan.io/token/images/wsteth3_32.png",
      "tags": ["lxly", "erc20"],
      "extensions": {
          "originTokenAddress": "0x7f39C581F595B53c5cb19bD0b3f8dA6c935E2Ca0",
          "originTokenNetwork": 0,
          "wrappedTokenNetwork": 1
      }
  },
  {
      "chainId": 1101,
      "name": "Rocket Pool ETH",
      "symbol": "rETH",
      "decimals": 18,
      "address": "0xb23C20EFcE6e24Acca0Cef9B7B7aA196b84EC942",
      "logoURI": "https://etherscan.io/token/images/rocketpooleth_32.png",
      "tags": ["lxly", "erc20"],
      "extensions": {
          "originTokenAddress": "0xae78736Cd615f374D3085123A210448E74Fc6393",
          "originTokenNetwork": 0,
          "wrappedTokenNetwork": 1
      }
  },
  {
      "chainId": 1101,
      "name": "swETH",
      "symbol": "swETH",
      "decimals": 18,
      "address": "0xAe4ac1070ba338F1c948Ebdd635F640b4d560bB7",
      "logoURI": "https://etherscan.io/token/images/swellnetwork_32.png",
      "tags": ["lxly", "erc20"],
      "extensions": {
          "originTokenAddress": "0xf951E335afb289353dc249e82926178EaC7DEd78",
          "originTokenNetwork": 0,
          "wrappedTokenNetwork": 1
      }
  }
]